Gene_ID	LSV_ID	LSV_Type	E(dPSI)_per_LSV_junction	P(|dPSI|>=0.20)_per_LSV_junction	P(|dPSI|<=0.05)_per_LSV_junction	CD8positivealphabetaTcell E(PSI)	mesendoderm E(PSI)	A5SS	A3SS	ES	Num_Junctions	Num_Exons	Junctions_coords	IR_coords
SNRNP35	SNRNP35:t:123465538-123466936	t|1e1.1o1|1e2.1o3|1e2.2o3|1e2.3o3|1e3.1o2|1e3.2o2|i	0.16885333245372253;0.0037281875889674586;-0.043262145818023116;-0.0002086655401468117;-0.00024320204816951916;-5.707511788627247e-05;-0.10506639729323154	0.34579745047393484;7.418888236366133e-21;0.0006371115792911378;6.949075659988869e-21;7.080986530972256e-21;6.928646981868785e-21;0.021793039420503132	0.01106982592400424;0.9205343268672523;0.3312011710974512;0.9951787495295839;0.9747716972294855;0.9981682871896762;0.05072324663071137	0.632;0.009;0.145;0.019;0.022;0.017;0.149	0.808;0.031;0.093;0.001;0.021;0.011;0.037	True	False	True	6	4	123458216-123465538;123459206-123465538;123459900-123465538;123459955-123465538;123464594-123465538;123465232-123465538;123465233-123465537	123465233-123465537
SNRNP35	SNRNP35:s:123458101-123458216	s|1e1.1o1|1e2.1o1|i	-0.24729533253159847;0.251674386736133;3.765118881082211e-05	0.8177803542477488;0.824953944852298;7.031197920773892e-21	1.5247153069442021e-05;3.1840702227382106e-05;0.9819309886093528	0.317;0.665;0.024	0.067;0.915;0.019	False	False	True	2	3	123458216-123458964;123458216-123465538;123458217-123458963	123458217-123458963
SNRNP35	SNRNP35:s:123458964-123459955	s|1e1.1o1|2e1.1o1|3e1.1o1|i	0.09674062239572802;-0.256428196080121;-0.06863880131195636;0.23311855583155588	0.1384964160528899;0.6748521173139205;0.02535374734342602;0.6344092971029611	0.08818686797152162;0.005805708028157608;0.17766063752909544;0.0025116974801861016	0.052;0.838;0.107;0.004	0.196;0.534;0.005;0.268	True	False	False	3	2	123459206-123465538;123459900-123465538;123459955-123465538;123459956-123464469	123459956-123464469
